<?xml version="1.0" encoding="UTF-8"?>
<Configuration monitorInterval="1" status="ERROR" strict="true" name="LogConfig">
    <Properties>
        <Property name="logbasedir">d:/log</Property>
        <Property name="log.layout">%d %-5p %t (%c:%L) - %m%n</Property>
    </Properties>

    <Appenders>
        <Appender type="Console" name="STDOUT">
            <Target>SYSTEM_OUT</Target>
            <Layout type="PatternLayout" pattern="${log.layout}"/>
        </Appender>
        <Appender type="RollingFile" name="FILE" fileName="${logbasedir}/jutap-${sys:APPNAME}.log"
                  filePattern="${logbasedir}/qrcode-api-%d{yyyy-MM-dd}.%i.log">
            <Policies>
                <TimeBasedTriggeringPolicy/>
                <SizeBasedTriggeringPolicy size="100 MB"/>
            </Policies>
            <Layout type="PatternLayout">
                <Charset>GBK</Charset>
                <Pattern>${log.layout}</Pattern>
            </Layout>
        </Appender>
        <Appender type="RollingFile" name="ExceptionLog" fileName="${logbasedir}/exception-${sys:APPNAME}.log"
                  filePattern="${logbasedir}/exception-%d{yyyy-MM-dd}.%i.log">
            <Policies>
                <TimeBasedTriggeringPolicy/>
                <SizeBasedTriggeringPolicy size="100 MB"/>
            </Policies>
            <Layout type="PatternLayout">
                <Charset>GBK</Charset>
                <Pattern>${log.layout}</Pattern>
            </Layout>
        </Appender>
    </Appenders>

    <Loggers>
        <Logger name="exception" level="error" additivity="false">
            <AppenderRef ref="ExceptionLog"/>
        </Logger>

        <Root level="info">
            <AppenderRef ref="STDOUT"/>
            <AppenderRef ref="FILE"/>
        </Root>
        <Logger name="com.garfield.learn" level="debug"/>
        <Logger name="com.garfield.learnp" level="info"/>
    </Loggers>

</Configuration>